{
  "title": "SQL-101: Formatting SQL queries is security-sensitive",
  "type": "SECURITY_HOTSPOT",
  "status": "ready",
  "remediation": {
    "func": "Constant\/Issue",
    "constantCost": "20min"
  },
  "tags": [
    "cwe",
    "spring",
    "owasp-a1",
    "sans-top25-insecure",
    "bad-practice",
    "cert",
    "hibernate",
    "sql"
  ],
  "defaultSeverity": "Major",
  
  
    "CWE": [
      20,
      89
    ],
    "OWASP": [
      "A1"
    ],
    "OWASP Top 10 2021": [
      "A3"
    ],
    "PCI DSS 3.2": [
      "6.5.1"
    ],
    "PCI DSS 4.0": [
      "6.2.4"
    ],
    "ASVS 4.0": [
      "5.1.3",
      "5.1.4",
      "5.3.4",
      "5.3.5"
    ],

  "quickfix": "unknown"
}
