<?xml version="1.0" encoding="UTF-8"?>
<project xmlns="http://maven.apache.org/POM/4.0.0" xmlns:xsi="http://www.w3.org/2001/XMLSchema-instance" xsi:schemaLocation="http://maven.apache.org/POM/4.0.0 http://maven.apache.org/maven-v4_0_0.xsd">
  <modelVersion>4.0.0</modelVersion>
  <groupId>ca.cmic.custom</groupId>
  <artifactId>CMiCCustomRulesPlugin</artifactId>
  <packaging>sonar-plugin</packaging>
  <name>cmic Custom :: Documentation :: Custom Rules Example</name>
  <version>1.0</version>
  <description>Java Custom Rules Example for cmic</description>
  <build>
    <plugins>
      <plugin>
        <groupId>org.sonarsource.sonar-packaging-maven-plugin</groupId>
        <artifactId>sonar-packaging-maven-plugin</artifactId>
        <version>1.21.0.505</version>
        <extensions>true</extensions>
        <configuration>
          <pluginKey>java-custom</pluginKey>
          <pluginName>Java Custom Rules</pluginName>
          <pluginClass>ca.cmic.RulesPlugin</pluginClass>
          <sonarLintSupported>true</sonarLintSupported>
          <skipDependenciesPackaging>true</skipDependenciesPackaging>
          <sonarQubeMinVersion>8.9</sonarQubeMinVersion>
          <requirePlugins>java:${sonarjava.version}</requirePlugins>
        </configuration>
      </plugin>
      <plugin>
        <artifactId>maven-shade-plugin</artifactId>
        <version>3.2.4</version>
        <executions>
          <execution>
            <phase>package</phase>
            <goals>
              <goal>shade</goal>
            </goals>
          </execution>
        </executions>
        <configuration />
      </plugin>
      <plugin>
        <artifactId>maven-compiler-plugin</artifactId>
        <version>3.8.0</version>
        <configuration>
          <source>1.8</source>
          <target>1.8</target>
        </configuration>
      </plugin>
      <plugin>
        <groupId>org.jacoco</groupId>
        <artifactId>jacoco-maven-plugin</artifactId>
        <version>${jacoco.version}</version>
        <executions>
          <execution>
            <id>prepare-agent</id>
            <goals>
              <goal>prepare-agent</goal>
            </goals>
          </execution>
          <execution>
            <id>report</id>
            <goals>
              <goal>report</goal>
            </goals>
          </execution>
        </executions>
      </plugin>
      <plugin>
        <artifactId>maven-dependency-plugin</artifactId>
        <executions>
          <execution>
            <id>copy</id>
            <phase>test-compile</phase>
            <goals>
              <goal>copy</goal>
            </goals>
            <configuration>
              <artifactItems>
                <artifactItem>
                  <groupId>org.slf4j</groupId>
                  <artifactId>slf4j-api</artifactId>
                  <version>1.7.30</version>
                  <type>jar</type>
                </artifactItem>
                <artifactItem>
                  <groupId>org.apache.commons</groupId>
                  <artifactId>commons-collections4</artifactId>
                  <version>4.0</version>
                  <type>jar</type>
                </artifactItem>
                <artifactItem>
                  <groupId>javax</groupId>
                  <artifactId>javaee-api</artifactId>
                  <version>6.0</version>
                  <type>jar</type>
                </artifactItem>
                <artifactItem>
                  <groupId>org.springframework</groupId>
                  <artifactId>spring-webmvc</artifactId>
                  <version>4.3.3.RELEASE</version>
                  <type>jar</type>
                </artifactItem>
                <artifactItem>
                  <groupId>org.springframework</groupId>
                  <artifactId>spring-web</artifactId>
                  <version>4.3.3.RELEASE</version>
                  <type>jar</type>
                </artifactItem>
                <artifactItem>
                  <groupId>org.springframework</groupId>
                  <artifactId>spring-context</artifactId>
                  <version>4.3.3.RELEASE</version>
                  <type>jar</type>
                </artifactItem>
                <artifactItem>
                  <groupId>junit</groupId>
                  <artifactId>junit</artifactId>
                  <version>4.13.2</version>
                  <type>jar</type>
                </artifactItem>
              </artifactItems>
              <outputDirectory>${project.build.directory}/test-jars</outputDirectory>
            </configuration>
          </execution>
        </executions>
      </plugin>
    </plugins>
  </build>
  <dependencies>
    <dependency>
      <groupId>org.sonarsource.sonarqube</groupId>
      <artifactId>sonar-plugin-api</artifactId>
      <version>8.9.0.43852</version>
      <scope>provided</scope>
    </dependency>
    <dependency>
      <groupId>org.sonarsource.java</groupId>
      <artifactId>sonar-java-plugin</artifactId>
      <version>6.15.1.26025</version>
      <type>sonar-plugin</type>
      <scope>provided</scope>
    </dependency>
    <dependency>
      <groupId>org.sonarsource.java</groupId>
      <artifactId>java-checks-testkit</artifactId>
      <version>6.15.1.26025</version>
      <scope>test</scope>
    </dependency>
    <dependency>
      <groupId>org.junit.jupiter</groupId>
      <artifactId>junit-jupiter</artifactId>
      <version>5.7.0</version>
      <scope>test</scope>
      <exclusions>
        <exclusion>
          <artifactId>junit-jupiter-api</artifactId>
          <groupId>org.junit.jupiter</groupId>
        </exclusion>
        <exclusion>
          <artifactId>junit-jupiter-params</artifactId>
          <groupId>org.junit.jupiter</groupId>
        </exclusion>
        <exclusion>
          <artifactId>junit-jupiter-engine</artifactId>
          <groupId>org.junit.jupiter</groupId>
        </exclusion>
      </exclusions>
    </dependency>
    <dependency>
      <groupId>org.junit.jupiter</groupId>
      <artifactId>junit-jupiter-migrationsupport</artifactId>
      <version>5.7.0</version>
      <scope>test</scope>
      <exclusions>
        <exclusion>
          <artifactId>junit</artifactId>
          <groupId>junit</groupId>
        </exclusion>
        <exclusion>
          <artifactId>apiguardian-api</artifactId>
          <groupId>org.apiguardian</groupId>
        </exclusion>
        <exclusion>
          <artifactId>junit-jupiter-api</artifactId>
          <groupId>org.junit.jupiter</groupId>
        </exclusion>
      </exclusions>
    </dependency>
    <dependency>
      <groupId>org.assertj</groupId>
      <artifactId>assertj-core</artifactId>
      <version>3.19.0</version>
      <scope>test</scope>
    </dependency>
  </dependencies>
  <properties>
    <jacoco.version>0.8.7</jacoco.version>
    <project.build.sourceEncoding>UTF-8</project.build.sourceEncoding>
    <sonarqube.version>8.9.0.43852</sonarqube.version>
    <sonarjava.version>6.15.1.26025</sonarjava.version>
  </properties>
</project>
